source,Target
1,Dari
1,Pashto
1,Uzbek
1,English
1,Turkmen
1,Urdu
1,Pashayi
1,Nuristani
1,Arabic
1,Balochi
2,Albanian
2,Greek
2,Macedonian
2,Romani
2,Vlach
2,Turkish
2,Italian
2,Serbo-Croatian
3,Arabic
3,French
3,Berber
3,Tacawit
3,MzabBerber
3,Tamahaq
4,Samoan
4,English
4,Tongan
4,Pacificislander
5,Catalan
5,French
5,Castilian
5,Portuguese
6,Portuguese
6,Umbundu
6,Kikongo
6,Kimbundu
6,Chokwe
6,Nhaneca
6,Nganguela
6,Fiote
6,Kwanhama
6,Muhumbi
6,Luvale
7,English
8,English
8,Antiguancreole
9,Spanish
9,English
9,Portuguese
9,Italian
9,Arabic
9,Quechua
9,German
9,Guarani
9,Catalan
9,Mapudungun
9,Chinese
9,Wichi
9,VlaxRomani
9,Japanese
9,Ukrainian
9,Aymara
9,Welsh
9,Mocovi
9,MbyaGuarani
9,Pilaga
9,Iyo'wujwa
9,Kaiwa
9,Nivacle
9,Plautdietsch
9,WichiLhamtesNocten
10,Armenian
10,Kurdish
11,Papiamento
11,French
11,Arawak
11,Spanish
11,English
11,Dutch
11,Chinese
12,English
12,Mandarin
12,Arabic
12,Cantonese
12,Vietnamese
12,Italian
12,Greek
13,German
13,Turkish
13,Serbian
13,Croatian
13,Slovene
13,southernCarinthia
13,Hungarian
14,Azerbaijani
14,Russian
14,Armenian
15,English
15,Creole
16,Arabic
16,English
16,Farsi
16,Urdu
17,Bangla
17,BishnupriyaManipuri
17,Chakma
17,Chittagonian
17,English
17,Hajong
17,Marma
17,Rohingya
17,Sylheti
17,Tangchangya
17,Urdu
18,English
18,Bajan
19,Russian
19,Belarusian
19,Polish
19,Ukrainian
20,Dutch
20,French
20,German
21,English
21,Spanish
21,Creole
21,Maya
21,German
21,Garifuna
22,French
22,English
22,Fon
22,Yoruba
22,Aguna
22,Anii
22,Gwamhi-Wuri
22,Miyobe
22,Notre
22,Tchumbuli
23,English
23,Portuguese
24,Sharchhopka
24,Dzongkha
24,Lhotshamkha
24,English
25,Aymara
25,Araona
25,Baure
25,Bésiro
25,Cavineño
25,Chácobo
25,Chimán
25,Chipaya
25,EseEjja
25,Guaraní
25,Guarayu
25,Itonama
25,Leco
25,Machajuyai-Kallawaya
25,Machineri
25,Maropa
25,Mojeño-Ignaciano
25,Mojeño-Trinitario
25,Moré
25,Mosetén
25,Movima
25,Pacawara
25,Quechua
25,Sirionó
25,Spanish
25,Tacana
25,Tapieté
25,Toromona
25,Weenhayek
25,Yaminawa
25,Yuki
25,Yuracaré
25,Zamuco
26,Bosnian
26,Serbian
26,Croatian
27,Afrikaans
27,Ani
27,Birwa
27,Chichewa
27,English
27,Gana
27,Gciriku
27,Gwi
27,Hai||om
27,Herero
27,‡Hua
27,Ju|’hoansi
27,Kalanga
27,Kgalagadi
27,Khoekhoe
27,Khwedam
27,Kua
27,Kuhane
27,Kung-Ekoka
27,Lozi
27,Mbukushu
27,Nambya
27,Naro
27,Ndebele
27,Setswana
27,Shua
27,Tshuwau
27,Tswapong
27,!Xóõ
27,Yeyi
27,Zezuru
28,Portuguese
28,Spanish
28,German
28,italian
28,Japanese
28,English
28,Arawa
28,Arikem
28,Aruak
28,Bororo
28,Chiquito
28,Guaikuru
28,Guato
28,Iranxe
28,Je
28,Juruna
28,Karaja
28,Karib
28,Katukina
28,Krenak
28,Maku
28,Mawe
28,Maxakali
28,Monde
28,Munduruku
28,Mura
28,Nambikwara
28,Ofaye
28,Purobora
28,Ramarama
28,Rikbaktsa
28,Tikuna
28,Tukana
28,Tupari
28,Tupi-Guarani
28,Txapakura
28,Yanomami
28,Yate
28,AikanaeKoaza
28,AikaneeNambikwara
28,AruakeJe
28,AruakePano
28,AruakeTupi-Guarani
28,JeeKrenak
28,JeeTupi-Guarani
28,KanoeeTupari
28,KatukinaePano
28,Aruak
28,CriouloFranceseKarib
28,TukanoeTupi-Guarani
28,MondeeTuari
28,Aweti
28,Sateré-Mawé
28,Puruborá
28,Yathê
28,Macro-Jê
29,English
30,Malay
30,English
30,Chinesedialects
31,Bulgarian
31,Turkish
31,Romani
32,French
32,Bobo
32,Marka
32,Senoufo
32,Lobi
32,Dagara
32,Gourounsi
32,Bissa
32,Gourmantche
32,Mossi
32,Peul
32,Bwamu
32,Samo
32,Jalkunan
32,Kalamse
32,Khe
32,Khisa
32,Natioro
32,Pana
32,Pongu
32,Sininkere
32,Tiefo
32,Wara
33,Kirundi
33,French
33,Swahili
33,English
34,Portuguese
34,Krioulo
35,Khmer
35,English
35,French
35,Cham
35,Vietnamese
35,Tumpoon
35,Lao
35,Jarai
35,YueChinese
35,TeochewChinese
36,English
36,French
36,Abo
36,Afade
36,Aghem
36,Akoose
36,Akum
36,Ambele
36,Arabic
36,Chadian
36,Atong
36,Awing
36,Babanki
36,Bafanji
36,Bafaw-balong
36,Bafia
36,Bafut
36,Baka
36,Bakoko
36,Bakole
36,Bakundu-balue
36,Bakweri
36,Baldamu
36,Balo
36,Balundu-bima
36,Bamali
36,Bambalang
36,Bambili
36,Bamenyam
36,Bamiléké
36,Bamukumbit
36,Bamoun
36,Bamumbu
36,Bamunka
36,Bana
36,Bangandu
36,Bangolan
36,Bangwa
36,Bansop
36,Barombi
36,Bassa
36,Bassossi
36,Bata
36,Batanga
36,Bati
36,Bebe
36,Bebele
36,Bebil
36,Beezen
36,Befang
36,Bekwel
36,Beti
36,Bikya
36,Bishuo
36,Bitare
36,Bokyi
36,Bomwali
36,Bu
36,Bubia
36,Buduma
36,Bulu
36,Bumbung
36,Busam
36,Busuu
36,Buwal
36,Byep
36,Caka
36,Cung
36,Cuvok
36,Daba
36,Dama
36,Dek
36,Denya
36,Dii
36,Dimbong
36,Doyayo
36,Duala
36,Dugwor
36,Duli
36,Duupa
36,Dzodinka
36,Efik
36,Ejagham
36,Elip
36,Eman
36,Esimbi
36,Eton
36,Evand
36,Ewondo
36,Fali
36,Fang
36,Fe'fe'
36,Fulfulde
36,Fungom
36,Gaduwa
36,Gavar
36,Gbaya
36,Ghomala
36,Guiziga
36,Hausa
36,Kenyang[17]
36,Kotoko
36,Kwasio/Ngumba
36,Limbum
36,Mambila
36,Massa
36,Mousgoum
36,Mousseye
36,Medumba
36,Meta'a
36,Moghamo
36,Mundang
36,Nda'nda'
36,Nso'
36,Nweh
36,Tikar
36,Toupouri
36,Wuté
36,Yabassi
36,Yamba
37,English
37,French
37,Punjabi
37,Italian
37,Spanish
37,German
37,Cantonese
37,Tagalog
37,Arabic
37,Cree
37,Inuktitut
37,Ojibwe
37,Montagnais-Naskapi(Innu)
37,DeneSuline
37,Oji-Cree
37,Mi'kmaq
37,Siouanlanguages(Dakota/Sioux)
37,Atikamekw
37,Blackfoot
37,Dogrib
37,Algonquin
37,Carrier
37,Gitksan
37,Chilcotin
37,NorthSlave(Hare)
37,SouthSlave
37,Malecite
37,Chipewyan
37,Inuinnaqtun
37,Kutchin-Gwich’in(Loucheaux)
37,Mohawk
37,Shuswap
37,Nisga'a
37,Tlingit
37,Atgangmuurngniq
38,English
38,Spanish
38,Filipino
39,French
39,Sango
39,Bàngàndò
39,?ùlì
39,?ìyàndà
39,Tòòngò
39,Làì
39,Kàrà
39,?òkòtò
39,?òzôm
39,Gb??yá
39,Mbód??m??
39,?òfì
39,?Àl?
39,Ngb?k?-M?nz?
39,M?nz?
39,Ngbàkà
39,Gbànù
39,Barambu
39,Pambia
39,NgalaofSantandrea
39,Geme
39,Nzakara
39,Zande
39,CentralBanda
39,Mbandja
39,Mono
39,Ngbundu
39,SouthBanda
39,WestBanda
39,Yangere
39,Bai
39,BelandaViri
39,Feroge
39,Indri
39,Mangayat
39,Ndogo
39,Sere
39,Tagbu
39,Togoyo
39,Bangba
39,Baka
39,Gbanzili
39,Mayogo
39,Mbaka
39,Monzombo
39,Mündü
39,Ngombe
39,Dongo
39,Ma
39,Mba
39,Ndunga
39,Ngbandi
40,French
40,Arabic
40,Sara
40,Laal
40,Sango
40,Bidiyo
40,Buduma
40,Dangaléat
40,Gabri
40,Herdé
40,Kabalai
40,Kera
40,Kimré
40,Kwang
40,Lele
40,Marba
40,Masana
40,Masmaje
40,Mesme
40,Migaama
40,Mubi
40,Musey
40,Musgu
40,Nancere
40,Pévé
40,Sokoro
40,Tobanga
40,Tumak
40,Tama
40,Sungor
40,Mararit
40,Daju
40,Shemya
40,Bernde
40,Bagirmi
40,Berakou
40,Disa
40,Gula
40,Jaya
40,Kenga
40,Naba
40,Fongoro
40,Barma
40,Beraku
40,Ngambay
40,Sara(18
40,Tedaga
40,Dazaga
40,Kanembu
40,Zaghawa
40,Maba
40,Massalit
40,Karanga
40,Kendeje
40,Marfa
40,Massalat
40,Surbakhal
40,Kibet
40,Runga
40,Mimi
40,Amdang
40,Goundo
40,Kim
40,Moundang
40,Toupouri
40,Bua
40,Niellim
40,GulaIro
41,Spanish
41,English
41,AyacuchoQuechua
41,Aymara
41,Quechua
41,Huilliche
41,Mapudungun
41,Quechua
41,RapaNui
41,Cacán
41,Chango
41,Chono
41,Kawésqar/Alacaluf
41,Kunza
41,Ona/Selk'nam
41,Tehuelche
41,Yaghan
41,German
41,HaitianCreole
41,Chinese
41,Japanese
42,Mandarin
42,Chinese
42,Putonghua
42,Yue
42,Wu
42,Minbei
42,Minnan
42,Xiang
42,Gan
42,Hakka
42,Zhuang
42,Mongolian
42,Uighur
42,Kyrgyz
42,Tibetan
43,English
43,Mandarin
43,Malay
43,Cantonese
43,MinNan
43,Tagalog
44,English
44,Malay
45,Wayuunaiki
45,Achagua
45,Kurripako
45,Cabiyari
45,Maipure
45,Piapoco
45,AwaPit
45,Barbacoa
45,Pasto
45,Sindagua
45,Coconucan
45,Guambiano
45,Totoró
45,Bora
45,Miraña
45,Muinane
45,Meneca-Murui
45,Nonuya
45,Ocaina
45,Yukpa
45,Opón-carare
45,Carijona
45,Ika(arhuaco)
45,Kankuí
45,Kogui
45,Tayrona
45,Wiwa
45,Duit
45,Muisca
45,Guane
45,Tunebo
45,Barí
45,Chimila
45,Kuna
45,Embera
45,Wounaan
45,Hitnü
45,Hitanü
45,Sikuani(Guahibo)
45,Cuiba
45,Guayabero
45,Spanish
45,Portuguese
45,English
45,Kakwa
45,Nukak
45,Puinave
45,Yujup
45,Jupda
45,Quichuanorteño
45,Saliban
45,Piaroa
45,Koreguaje
45,Siona
45,Cubeo
45,Tanimuca
45,Piratapuya
45,Tucano
45,Wanano
45,Bará
45,Desano
45,Siriano
45,Tatuyo
45,Tuyuca
45,Yurutí
45,Barasana
45,Carapana
45,Macuna
45,Andoque
45,Ticuna
45,Betoi
45,Camsá
45,Cofán
45,Tinigua-pamigua
45,Paez
45,Andaquí
45,Colima
45,Malibú
45,Mocana
45,Muzo
45,Panche
45,Pijao
45,Yarí
45,Yurí
46,Arabic
46,French
46,Shikomoro
47,English
47,Maori
47,Pukapukan
48,Spanish
48,English
48,Maléku
48,Cabécar
48,Bribri
48,Guna
48,Guaymí/Ngäbere
48,Buglere
49,French
49,Aizi
49,Bakwé
49,Bété
49,Dida
49,Glio-Ubi
49,Godié
49,Guéré
49,Konobo
49,Kuya
49,Kwadia
49,Mobu
49,Nyabwa
49,Neyo
49,Siamou
49,Tiagba
49,Wané
49,Wobé
49,Abé
49,Abidji
49,Abure
49,Adjukru
49,Alladian
49,Anyin
49,Apro
49,Attié
49,Avikam
49,Baoulé
49,Ebrié
49,Eotile
49,Esuma
49,Krobu
49,Mbato
49,Nzema
49,Bambara
49,Dan
49,Dyula
49,Guro
49,Maninka
49,Soninke
49,Cebaara
49,Djimini
49,Kar
49,Palaka
49,Sénoufo
49,Tagwana
49,Cerma
49,Lobi
49,Mossi
49,Hausa
49,Lomakka
50,Croatian
50,Serbian
50,Hungarian
50,Czech
50,Slovak
50,Albanian
51,Spanish
51,HaitianCreole
52,Papiamento
52,Dutch
52,Spanish
52,English
53,Greek
53,Turkish
53,English
53,Romanian
53,Russian
53,Bulgarian
53,Arabic
53,filipino
54,Czech
54,Slovak
55,Mashie
55,Mongo
55,Lunda
55,Kilega
55,Tetela
55,Chokwe
55,Budza
55,Ngbandi
55,Lendu
55,Mangbetu
55,Yombe
55,Nande
55,Ngbaka
55,Zande
55,Lugbara
55,Komo
55,Portuguese
55,Lingala
55,Swahili
55,Tshibula
55,Kikongo
55,Kituba
55,French
56,Danish
56,Faroese
56,Greenlandic
56,German
56,English
57,French
57,Arabic
57,Somali
57,Afar
58,English
58,Frenchpatois
59,Spanish
59,HaitianCreole
59,English
60,Achuar–Shiwiar
60,Awa–Cuaiquer
60,Cha'palaachi
60,Cofán
60,Colorado
60,Emberá
60,MediaLengua
60,Quechua
60,Secoya
60,Shuar
60,Spanish
60,Siona
60,Tetete
60,Waorani
60,Záparo
61,Arabic
61,English
61,French
62,Spanish
62,Nawat
63,Spanish
63,French
63,Portuguese
63,English
63,Igbo
63,Pichi
63,Fang
63,Bubi
64,Tigrinya
64,Arabic
64,English
64,Tigre
64,Kunama
64,Afar
64,Cushitic
65,Estonian
65,Russian
65,Ukrainian
66,English
66,SiSwati
67,Oromo
67,Amharic
67,Somali
67,Tigrigna
67,Sidamo
67,Wolaytta
67,Gurage
67,Afar
67,Hadiyya
67,Gamo
67,Gedeo
67,Opuuo
67,Kafa
67,English
67,Arabic
68,English
68,Spanish
69,Faroese
69,Danish
70,English
70,Fijian
70,Hindi
70,Chinese
70,Rotuman
71,Finnish
71,Swedish
71,Russian
71,Karelian
71,Sami
71,Estonian
71,Arabic
71,Somali
71,English
71,Kurdish
71,Persian
71,Chinese
71,Albanian
71,Vietnamese
71,Thai
71,Turkish
71,Spanish
71,German
71,Polish
71,Hindi
71,Sinhala
72,French
72,Provencal
72,Breton
72,Alsatian
72,Corsican
72,Catalan
72,Vasque
72,Flemish
72,Occitan
72,Picard
72,Creole
72,Mahorian
72,Polynesian
72,Chinese
72,Japanese
72,Hindi
72,English
72,Spanish
72,Italian
72,Arabic
72,Turkish
72,German
72,Polish
72,Portuguese
72,Vietnamese
72,Kurdish
73,French
73,Polynesia
74,French
74,Fang
74,Myene
74,Nzebi
74,Bapounou
74,Bandjabi
75,Arabic
75,Hebrew
75,English
76,Georgian
76,Azeri
76,Armenian
76,Russian
77,German
77,Danish
77,Frisian
77,Sorbian
77,Romani
77,Turkish
77,Kurdish
77,Tamil
77,Russian
77,Arabic
77,Telugu
77,Greek
77,Hindi
77,Igbo
77,Polish
77,Serbo-Croatian
77,Italian
77,Portuguese
77,English
77,Spanish
77,Japanese
78,Abron
78,Adangbe/Dangbe
78,Adele
78,Ahanta
78,Akan/Twi
78,Akposo
78,Animere
78,Anufo
78,Anyin
78,Avatime
78,Bimoba
78,Birifor
78,Southern
78,Bisa
78,Buli
78,Chakali
78,Chala
78,Cherepon
78,Chumburung
78,Dagaare
78,Southern
78,Dagbani
78,Dangme
78,Deg
78,Delo
78,Dompo
78,Dwang
78,English
78,Éwé
78,Farefare
78,Fulfulde
78,Maasina
78,Ga
78,GhanaianPidginEnglish
78,GhanaianSignLanguage
78,Gikyode
78,Gonja
78,Gua
78,Hanga
78,Hausa
78,Jwira-Pepesa
78,Kabiyè
78,Kamara
78,Kantosi
78,Kasem
78,Konkomba
78,Konni
78,Kplang
78,Krache
78,Kulango
78,Bondoukou
78,Kulango
78,Bouna
78,Kusaal
78,Lama
78,Larteh
78,Lelemi
78,Ligbi
78,Logba
78,Mampruli
78,Nafaanra
78,Nawdm
78,Nawuri
78,Nchumbulu
78,Nkami
78,Nkonya
78,Ntcham
78,Nyangbo
78,Nzema
78,Paasaal
78,Safaliba
78,Sehwi
78,Sekpele
78,Selee
78,Sisaala
78,Tumulung
78,Sisaala
78,Western
78,Siwu
78,Tafi
78,Tampulma
78,Tem
78,Tuwuli
78,Vagla
78,Wali
78,Wasa
79,English
79,Spanish
79,Italian
79,Portuguese
79,Hindi
79,Sindhi
79,Llanito
79,Maltese
79,Ligurian
79,Haketia
80,Greek
80,English
80,French
80,Albanian
80,Arvanitika
80,Armenian
80,Aromanian
80,Megleno-Romanian
80,Macedonian
80,Bulgarian
80,Ladino
80,Romani
80,Russian
80,Turkish
80,Urum
80,Georgian
81,Greenlandic
81,Danish
81,English
82,English
82,Frenchpatois
83,English
83,Filipino
83,Chamorro
83,Spanish
84,K’iche’
84,Q'eqchi'
84,Kaqchikel
84,Mam
84,Poqomchi
84,Tz’utujil
84,Achí
84,Q’anjob’al
84,Ixil
84,Akatek
84,Jakaltek
84,Chuj
84,Poqomam
84,Ch'orti'
84,Awakatek
84,Sakapultek
84,Sipakapa
84,Spanish
84,Garífuna
84,Uspantek
84,Tektitek
84,Mopan
84,Xincanlanguages
84,Itza
85,English
85,French
85,Norman
85,Portuguese
86,French
86,Fula
86,Malinké
86,Susu
86,Kissi
86,Kpelle
86,Toma
86,Badyara
86,Baga
86,Bambara
86,Bassari
86,Dan
86,Dyula
86,Landoma
86,Limba
86,Maninka
86,Mano
86,Pular
86,Sua
86,Wamey
86,Yalunka
86,Zialo
87,Portuguese
87,French
87,Guinea-BissauCreole
87,Balanta
87,Fula
87,Mandjak
87,Mandinka
87,Papel
88,English
88,Akawaio
88,Arawak
88,Atorada
88,Carib
88,Macushi
88,Mapidian
88,Patamona
88,Pemon
88,Waiwai
88,Wapishana
88,Warao
88,Portuguese
88,Spanish
88,CaribbeanHindustani
88,Chinese
88,GuyaneseCreole
89,French
89,HaitianCreole
90,Italian
90,Latin
90,French
90,Spanish
90,English
91,Spanish
91,Criollogarifuna
91,Pipil
91,Chorti
91,Jicaquean
91,Tolupan
91,Lencahondureno
91,Sumo
91,Matagalpa
91,Miskito
91,Pech
91,Garifuna
91,Arabic
91,Armenian
91,Turkish
91,YueChinese
92,Cantonese
92,English
92,Mandarin
92,Arabic
92,Hindi
92,Vietnamese
92,Thai
92,Indonesian
92,Filipino
92,Korean
92,Japanese
92,German
92,French
92,Shanghainese
92,Taishanese
92,MinnabChinese
92,Hakka
92,Chinese
93,Hungarian
93,English
93,german
93,Russian
93,Romanian
93,French
94,Icelandic
94,English
94,Dutch
94,German
94,French
94,Basque
94,Gaelic
95,Adi
95,Angami
95,Angika
95,Ao
95,Arabic
95,Assamese
95,Awadhi
95,Badaga
95,Bagheli
95,Bagri
95,Bajjika
95,Bengali
95,Bhili
95,Bhojpuri
95,Bodo
95,Bundeli
95,Chhattisgarhi
95,Dhundhari
95,Dimasa
95,Dogri
95,English
95,French
95,Garhwali
95,Garo
95,Gondi
95,Gujarati
95,Gurung
95,Halbi
95,Harauti
95,Haryanvi
95,Hindi
95,Hindi
95,Ho
95,Kamatapuri
95,Kangri
95,Kannada
95,Karbi
95,Kashmiri
95,Khandeshi
95,Kharia
95,Khasi
95,Khortha
95,Kodava
95,Kokborok
95,Kolami
95,Konkani
95,Konyak
95,Korku
95,Koya
95,Kui
95,Kumaoni
95,Kurmali
95,Kurukh
95,Kuvi
95,Ladakhi
95,Lambadi
95,Lepcha
95,Limbu
95,Lotha
95,Magahi
95,Magar
95,Maithili
95,Malayalam
95,Malto
95,Malvi
95,Marathi
95,Marwari
95,Meitei(Manipuri)
95,Mewari
95,Mising
95,Mizo
95,Mundari
95,Nepali
95,Newari
95,Nimadi
95,Nishi
95,Odia
95,Phom
95,Punjabi
95,Rabha
95,Rai
95,Rajasthani
95,Rajbangshi
95,Sadri
95,Sanskrit
95,Santali
95,Sema
95,Sherpa
95,Sikkimese
95,Sindhi
95,Sora
95,Spanish
95,Sunwar
95,Surjapuri
95,Tamang
95,Tamil
95,Tangkhul
95,Telugu
95,Thadou
95,Tulu
95,Urdu
95,Varhadi
95,Wagdi
96,Acehnese
96,Balinese
96,Bamayo
96,Duano'
96,Haji
96,Iban
96,Kangean
96,Kendayan
96,Keninjal
96,Kubu
96,Lubu
96,Loncong
96,Madurese
96,Malay
96,BahasaIndonesia
96,Bangka
96,Banjar
96,Bengkulu
96,Berau
96,Col/Lembak
96,Jambi
96,Kaur
96,JaringHalus
96,Kerinci
96,Kutai
96,Larantuka
96,Minangkabau
96,Palembang
96,Pekal
96,Pontianak
96,Javanese
96,Mualang
96,Sasak
96,Seberuang
96,Sumbawan
96,Sundanese
96,Komering
96,Lampung
96,Andio
96,Bada
96,Bahonsuai
96,Balaesang
96,Balantak
96,Banggai
96,Batui
96,Behoa
96,Boano
96,Bobongko
96,Bonerate
96,Bungku
96,Busoa
96,Cia-Cia
96,Dampelas
96,Dondo
96,Kalao
96,Kaili
96,Kaimbulawa
96,Kamaru
96,Kodeoha
96,Kulisusu
96,Kumbewaha
96,Lasalimu
96,Laiyolo
96,Lauje
96,Liabuku
96,Mbelala
96,Moronene
96,MoriBawah
96,MoriAtas
96,Moma
96,Muna
96,Napu
96,Padoe
96,Pancana
96,Pendau
96,Rahambuu
96,Rampi
96,Saluan
96,Sarudu
96,Sedoa
96,Pamona
96,Taje
96,Tajio
96,TukangBesi
96,Tolaki
96,Tomadino
96,Topoiyo
96,Tomini
96,Totoli
96,Uma
96,Waru
96,Wawonii
96,Wolio
96,Wotu
96,BatakAlas
96,BatakAngkola
96,BatakDairi
96,BatakKaro
96,BatakMandailing
96,BatakSimalungun
96,BatakToba
96,Tausug
96,Enggano
96,Gayo
96,Mentawai
96,Nias
96,Simeulue
96,SikuleAralle-Tabulahan
96,Bambam
96,Bentong
96,Budong-Budong
96,Buginese
96,Campalagian
96,CoastalKonjo
96,Dakka
96,Duri
96,Embaloh
96,Enrekang
96,HighlandKonjo
96,Kalumpang
96,Lemolang
96,Maiwa
96,Makassarese
96,Malimpung
96,Mamasa
96,Mamuju
96,Mandar
96,Panasuan
96,Pannei
96,Selayar
96,SekoPadang
96,SekoTengah
96,Tae’
96,Talondo’
96,Taman
96,Toraja-Sa’dan
96,Ulumanda’
96,Ampanang
96,Bajaw
96,Bakumpai
96,Deyah
96,Kohin
96,Lawangan
96,Ma'anyan
96,Malang
96,Ngaju
96,OtDanum
96,OtSiang
96,Tunjung
96,Witu
96,Pakau
96,Aoheng
96,Aput
96,Bahau
96,Hovongan
96,Kayan
96,Krio
96,Modang
96,PunanMerah
96,Segai
96,Bakati’
96,Biatah
96,BukarSadong
96,Jangkang
96,Kembayan
96,Lara?
96,Nyadu’
96,Rejangese
96,Ribun
96,Sanggau
96,Sara
96,Semandang
96,Tringgus
96,Bah-Biau
96,Basap
96,Bukat
96,Bukitan
96,Kelabit
96,Kenyah
96,Mainstream
96,Lengilu
96,LunBawang
96,Murut
96,Okolod
96,Selungai
96,Sembakung
96,Tagol
96,PunanMerap
96,PunanTubu
96,Sa'ban
96,Sajau
96,Tidung
96,Burusu
96,Kalabakan
96,Nonukan
96,Tausug
96,Bintauna
96,Bolango
96,Buol
96,Gorontaloan
96,Kaidipang
96,Lolak
96,Mongondow
96,Ponosakan
96,Suwawa
96,Tombulu
96,Tondano
96,Tonsawang
96,Tonsea
96,Tontemboan
96,Bantik
96,Ratahan
96,Sangirese
96,Talaud
96,Barakai
96,Batuley
96,Dobel
96,Karey
96,Koba
96,Kola-Kompane
96,Lola
96,Lorang
96,Manombai
96,Mariri
96,Tarangan
96,Ujir
96,Alune
96,Amahai
96,Ambelau
96,Asilulu
96,Banda
96,Bati
96,Benggoi
96,Boano
96,Bobot
96,Buru
96,Geser
96,Haruku
96,Hitu
96,Hoti
96,Huaulu
96,Hulung
96,Kaibobo
96,Kamarian
96,Laha
96,Larike-Wakasihu
96,Latu
96,Liana-Seti
96,Lisabata-Nuniali
96,Lisela
96,Loun
96,Luhu
96,Mangole
96,Manipa
96,Manusela
96,Masiwang
96,Naka'ela
96,Nuaulu
96,NusaLaut
96,Paulohi
96,Salas
96,Saleman
96,Saparua
96,Seit-Kaitetu
96,Sepa-Teluti
96,Sula
96,Taliabo
96,Teor-Kur
96,Tulehu
96,Watubela
96,Wemale
96,Yalahatan
96,Adonara
96,Alorese
96,IleApe
96,Kedang
96,Lamaholot
96,Lamalera
96,Lamatuka
96,Levuka
96,LewoEleng
96,Lewotobi
96,Sika
96,SouthLembata
96,WestLembata
96,Ambai
96,Ansus
96,Arguni
96,Bedoanas
96,Biak
96,Busami
96,Dusner
96,Erokwanas
96,Irarutu
96,Iresim
96,Kuri
96,Kurudu
96,Munggui
96,Marau
96,Meoswar
96,Mor
96,Pom
96,Papuma
96,Roon
96,Serui-Laut
96,Tandia
96,Wabo
96,Waropen
96,Wandamen
96,Woi
96,Yaur
96,Yeretuar
96,Fordata
96,AmboneseMalay
96,BabaMalay
96,BandaneseMalay
96,BacaneseMalay
96,BalineseMalay
96,Betawi
96,Gorap
96,KupangMalay
96,ManadoMalay
96,MakassarMalay
96,NorthMoluccanMalay
96,PapuanMalay
96,Javindo
96,Petjo
96,Mardijker
96,PidginIha
96,PidginOnin
96,Portugis
96,BidauCreolePortuguese
96,Cantonese
96,Fuzhounese
96,Hainanese
96,Hakka
96,Hokkien
96,Medan
96,Riau
96,Mandarin
96,Pu-XianMin
96,Teochew
96,Arabic
96,English
96,French
96,Spanish
96,PortugueseKei
96,Onin
96,Sekar
96,Uruangnirin
96,Yamdena
96,Selaru
96,Seluwasan
96,Anakalangu
96,Baliledo
96,Bima
96,Dhao
96,Ende-Li'o-Ke'o-Nage
96,Gaura
96,Hawu
96,Kambera
96,Kodi
96,Komodo
96,Lamboya
96,Mamboru
96,Manggarai
96,Ngadha
96,Palu'e
96,Pondok
96,Rajong
96,Rembong
96,Riung
96,Rongga
96,So'a
96,Kepo'
96,WaeRana
96,Wanukaka
96,Wejewa
96,Tetum
96,UabMeto
96,Amarasi
96,Baikeno
96,Bekais
96,Bilba
96,Dai
96,Dawera-Daweloor
96,Dela-Oenale
96,Dengka
96,EastDamar
96,Emplawas
96,Helong
96,Imroing
96,Kisar
96,Leti
96,Lole
96,Luang
96,Masela
96,Nila
96,NorthBabar
96,Ringgou
96,Romang
96,Serili
96,Serua
96,SoutheastBabar
96,Tela'a
96,Termanu
96,Te'un
96,Tii
96,WestDamar
96,Wetar
96,Anus
96,Bonggo
96,Kayupulau
96,Liki
96,Masimasi
96,Ormu
96,Podena
96,Kaptiau
96,Sobei
96,Tarpia
96,Tobati
96,Wakde
96,Yamna
96,Kowiai
96,Abui
96,Abun
96,Adang
96,Aghu
96,Airoran
96,Asmat
96,Auye
96,Bagusa
96,Baham
96,Baropasi
96,Bauzi
96,Bayono-Awbono
96,Berik
96,Betaf
96,Bimin
96,Blagar
96,Bonerif
96,Bunak
96,Burate
96,Burmeso
96,Burumakok
96,Buruwai
96,Citak
96,Dabe
96,Dao
96,Demisa
96,Demta
96,Dineor
96,Ekari
96,Faiwol
96,Galela
96,Gamkonora
96,GrandValleyDani
96,Hattam
96,Hupla
96,Iha
96,Isirawa
96,Itik
96,Iwur
96,Jofotek-Bromnya
96,Kaera
96,Kafoa
96,Kalabra
96,Kamang
96,Kamberau
96,Kamoro
96,KanumKaras
96,Kauwera
96,Kehu
96,Keijar
96,Klon
96,Kofei
96,Kombai
96,Kombai–Wanggom
96,Komyandaret
96,Koneraw
96,Kopka
96,Kopkaka
96,Korowai
96,Kui
96,Kula
96,Kuwani
96,KwerbaMamberamo
96,Kwerba
96,Kwesten
96,Kwinsu
96,Loloda
96,Maklew
96,Mander
96,Mandobo
96,Mawes
96,Maybrat
96,Meax
96,Meninggo
96,Mian
96,Modole
96,Moi
96,Mombum
96,Momina
96,Momuna
96,Moni
96,Moraid
96,Mpur
96,Muyu
96,Nafri
96,Nakai
96,Nduga
96,Nedebang
96,Ngalum
96,Nggem
96,Ninggerum
96,Nisa-Anasi
96,Oksapmin
96,Orya
96,Pagu
96,Pisa
96,Retta
96,Sahu
96,Samarokena
96,Saponi
96,Sauri
96,Sause
96,Saweru
96,Sawi
96,Sawila
96,Seget
96,Sempan
96,Sentani
96,Setaman
96,Shiaxa
96,Silimo
96,Skou
96,Sougb
96,Suganga
96,Tabaru
96,Tabla
96,Tangko
96,Tause
96,Tefaro
96,Tehit
96,Teiwa
96,Telefol
96,Ternate
96,Tidore
96,Tifal
96,Tobelo
96,Trimuris
96,Tsaukambo
96,Tunggare
96,Urapmin
96,Vitou
96,Waioli
96,Walak
96,Wambon
96,Wano
96,Wares
96,Wersing
96,WestMakian
96,WesternDani
96,WesternPantar
96,Wolani
96,Woria
96,Yali
96,Yawa
96,Yelmek
96,Yonggom
97,Persian
97,AzeriTurkic
97,Kurdish
97,Gilaki
97,Mazandarani
97,Luri
97,Balochi
97,Arabic
98,Arabic
98,Kurdish
98,Turkmen
98,Syriac
98,Armenian
99,English
99,Irish
99,Gaeltachtai
100,English
100,ManxGaelic
101,Hebrew
101,Arabic
101,English
102,Italian
102,German
102,Romanian
102,Arabic
102,Albanian
102,Spanish
102,Italian
102,Chinese
102,Russian
102,Ukrainian
102,French
102,Bosnian
102,Croatian
102,Montenegrin
102,Serbian
102,Polish
102,Hindi
103,English
103,Jamaicanpatois
104,Japanese
105,English
105,Portuguese
106,Arabic
106,English
107,Kazakh
107,Russian
107,English
108,English
108,Swahili
108,Kikuyu
108,Kamba
108,Ekegusii
108,Meru
108,Oluluhyia
108,Kipokomo
108,Kigiryama
108,Kiembu
108,Dholuo
108,Kalenjin
108,Maasai
108,Turkana
108,Rendille
108,Somali
108,Arabic
108,Hindustani
109,I-Kiribati
109,English
110,Albanian
110,Bosnian
110,Serbian
110,Turkish
110,Romani
111,Arabic
111,English
111,Malayalam
111,Filipino
112,Kyrgyz
112,Uzbek
112,Russian
112,English
112,French
112,German
113,Lao
113,French
113,English
114,Latvian
114,Russian
114,Polish
114,Ukrainian
114,Belarussian
115,Arabic
115,French
115,English
115,Armenian
116,Sesotho
116,English
116,Zulu
116,Xhosa
117,English
117,Kisi
117,Merico
117,Bandi
117,Dan
117,Kpelle
117,Loma
117,Maninka
117,Mann
117,Manya
117,Mende
117,Vai
117,Bassa
117,Dewoin
117,Gbii
117,Glaro-Twabo
117,Glio-Oubi
117,Grebo
117,Klao
117,Krahn
117,Krumen
117,Kuwaa
117,Sapo
117,Tajuasohn
117,Gola
118,Arabic
118,Berber
118,Awjilah
118,Ghadamès
118,Nafusi
118,Sawknah
118,Tamahaq
118,Tamasheq
118,Zuwara
118,Domari
118,Tebu
118,Tedaga
119,German
119,Italian
119,Turkish
119,Portuguese
120,Lithuanian
120,Russian
120,Polish
121,Luxembourgish
121,Portuguese
121,French
121,German
121,Italian
121,English
122,Cantonese
122,Mandarin
122,Chinese
122,Tagalog
122,English
122,Portuguese
123,French
123,Malagasy
123,English
124,English
124,Chichewa
124,Chinyanja
124,Chiyao
124,Chitumbuka
124,Chilomwe
124,Chinkhonde
124,Chingoni
124,Chisena
124,Chitonga
124,Chinyajyusa
124,Chilambya
125,Abai
125,Bahau
125,Bajaw
125,Balau
125,Belait
125,Berawan
125,Biatah
125,Bintulu
125,Bonggi
125,Bookan
125,BruneiMalay
125,BruneiBisaya
125,BukarSadong
125,Bukitan
125,CoastalKadazan
125,CocosMalay
125,CentralDusun
125,Daro-Matu
125,Dumpas
125,Dusun
125,EasternKadazan
125,Gana'
125,Iban
125,Ida'an
125,Iranun
125,Jagoi
125,Jangkang
125,Kajaman
125,Kalabakan
125,Kanowit
125,Kayan(Baram)
125,Kelabit
125,Kendayan
125,KeningauMurut
125,Kinabatangan
125,Kimaragang
125,Kiput
125,KliasRiverKadazan
125,KotaMaruduTalantang
125,Kuijau
125,Lahanan
125,Lelak
125,Lengilu
125,Lotud
125,LunBawang
125,Lundayeh
125,MainstreamKenyah
125,Maranao
125,Melanau
125,Minokok
125,Molbog
125,MurikKayan
125,Narom
125,NonukanTidong
125,Okolod
125,Paluan
125,Papar
125,Penan
125,PunanBatu
125,Remun
125,Rungus
125,Sa'ban
125,SabahBisaya
125,SabahMalay
125,Sama
125,SarawakMalay
125,Sebop
125,Sebuyau
125,Sekapan
125,SelungaiMurut
125,Sembakung
125,Seru
125,Serudung
125,Sian
125,Sungai
125,SugutDusun
125,Tatana'
125,Tausug
125,Tagol
125,Timugon
125,Tombonuwo
125,Tring
125,Tringgus
125,Tutoh
125,Ukit
125,Uma'Lasan
125,Arabic
125,Burmese
125,Filipino
125,Japanese
125,Khmer
125,Korean
125,Gujarati
125,Hindi
125,Bengali
125,Malayalam
125,Punjabi
125,Tamil
125,Telugu
125,Urdu
125,Cantonese
125,Foochow
125,Hakka
125,Hainanese
125,Hokkien
125,Mandarin
125,MinBei
125,Teochew
125,Acehnese
125,Banjarese
125,Buginese
125,Cham
125,Javanese
125,Kerinci
125,Mandailing
125,Minangkabau
125,BabaMalay
125,Batek
125,ChittyMalay
125,CheqWong
125,Duano'
125,JahHut
125,Jahai
125,Jakun
125,Jedek
125,KedahMalay
125,KelantanMalay
125,Kenaboi
125,Kensiu
125,Kintaq
125,Kristang
125,Lanoh
125,Malay(Malaysian)
125,MahMeri
125,Manglish
125,Minriq
125,Mintil
125,NegeriSembilanMalay
125,OrangKanaq
125,OrangSeletar
125,PahangMalay
125,PerakMalay
125,RawaMalay
125,Sabüm
125,Semai
125,SemaqBeri
125,Semelai
125,Semnam
125,SouthernThai
125,Temiar
125,Ten'edn/Mos
125,Temoq
125,Temuan
125,TerengganuMalay
125,Wila
126,Dhivehi
126,English
127,French
127,Bambara
127,Peuhl
127,Foulfoulbe
127,Dogon
127,Maraka
127,Soninke
127,Malinke
127,Sonrhai
127,Djerma
127,Minianka
127,Tamacheq
127,Senoufo
127,Bobo
128,Maltese
128,English
129,Marshallese
130,Arabic
130,Pular
130,Soninke
130,Wolof
130,French
131,Creole
131,Bhojpuri
131,French
132,Burmese
132,English
132,Shan
132,Karen
132,Kachin
132,Mon
132,Anu-Hkongso
132,Shö
132,Bawm
132,Daai
132,Khumi
132,Falam
132,HakhaChin
132,Kaang
132,Laitu
132,Lautu
132,Mara
132,matu
132,Mizo
132,Mün
132,Ngawn
132,Welaung
132,Rungtu
132,Senthang
132,Sizang
132,Songlai
132,Sumtu
132,Tawr
132,Tedim
132,Thadou
132,Thaiphum
132,Zotung
132,Zyphe
132,Akeu
132,Akha
132,Anal
132,Nung
132,Sak
132,Derung
132,Hpon
132,Kadu
132,Ganan
132,Kayaw
132,RedKaren
132,Padaung
132,Kayaw
132,Lashi
132,Lahta
132,Lahu
132,LhaoVo
132,Lisu
132,Mru
132,Mro
132,AkyaungAri
132,Kayaw
132,EasternPwo
132,WesternPwo
132,Para
132,Khiamniungan
132,Koki
132,Konyak
132,Leinong
132,Tangsa
132,LongPhuri
132,Makury
132,Ponyo
132,Tangkhul
132,Tangsa
132,Achang
132,Nusu
132,Pa'o
132,Pyen
132,Arakanese
132,Rawang
132,Riang
132,Taman
132,KhamsTibetan
132,GekoKaren
132,Zaiwa
132,Nepali
132,Zou
132,Blang
132,Danau
132,MuakSa-aak
132,Palaung
132,Riang
132,TaiLoi
132,Wa
132,Khamti
132,Khün
132,TaiLue
132,TaiLaing
132,TaiNuea
132,KedahMalay
132,Moken
132,Hmong
132,Chakma
133,Plautdietsch
133,Venetian
133,English
133,French
133,Basque
133,Catalan
133,Hebrew
133,Arabic
133,Chinese
133,Pame
133,Mam
133,ChontalofOaxaca
133,Chuj
133,Tacuate
133,ChichimecaJonaz
133,Huarijío
133,Chocho
133,PimaBajo
133,Q'eqchí
133,Lacandón
133,Jakaltek
133,Matlatzinca
133,Seri
133,Ixcatec
133,K'iche'
133,Kaqchikel
133,Paipai
133,Cucapá
133,Mototzintleco
133,Kumiai
133,Pápago
133,Kikapú
133,Ixil
133,Cochimí
133,Kiliwa
133,Aguacatec
133,Tlapanec
133,Tarahumara
133,Amuzgo
133,Chatino
133,Tojolab'al
133,SierraPopoluca
133,ChontaldeTabasco
133,Huichol
133,Mayo
133,Tepehuán
133,Trique
133,Cora
133,Popolocan
133,Huave
133,Cuicatec
133,Yaqui
133,Q'anjob'al
133,Tepehua
133,Spanish
133,Nahuatl
133,YucatecMaya
133,Mixtec
133,Zapotec
133,TzeltalMaya
133,TzotzilMaya
133,Otomí
133,Totonac
133,Mazatec
133,Ch'ol
133,Huastec
133,Chinantec
133,Mixe
133,Mazahua
133,Purépecha
134,English
134,Chuukese
134,Kosrean
134,Pohnpeian
134,Yapese
134,Ulithian
134,Woleaian
134,Nukuoro
134,Kapingamarangi
135,Moldovan
135,Romanian
135,Russian
135,Gagauz
135,Ukrainian
135,Bulgarian
135,Romani
136,French
136,English
136,Italian
136,Monegasque
137,Mongolian
137,Turkic
137,Russian
137,English
138,Serbian
138,Montenegrin
138,Bosnian
138,Albanian
138,Serbo-Croat
139,English
140,Arabic
140,Tamzight
140,Tachelhit
140,Tarifit
140,French
141,Emakhuwa
141,Portuguese
141,Xichangana
141,Cinyanja
141,Cisena
141,Elomwe
141,Echuwabo
141,Cindau
141,Xitswaa
141,Mozambican
142,Oshiwambo
142,Nama/Damara
142,Kavango
142,Afrikaans
142,Herero
142,Zambezi
142,English
142,German
142,San
143,Nauruan
143,English
143,i-kiribati
143,Chinese
144,Nepali
144,Bahing
144,Bantawa
144,Belhare
144,Chamling
144,Limbu
144,Sampang
144,Sunwar
144,Thulung
144,Vayu
144,Waling
144,Yakkha
144,Bhujel
144,Chepang
144,Dura
144,Kham
144,Magar
144,Jirel
144,Kagate
144,Kyirong
144,Mugomt
144,Naapa
144,Nubri
144,Sherpa
144,Sikkimese
144,Yolmo
144,Baram
144,Dhimal
144,Kaike
144,Lepcha
144,Newar
144,Raji
144,Raute
144,Thangmi
144,Angika
144,Awadhi
144,Bhojpuri
144,Danwar
144,Doteli
144,Jumli
144,Maithili
144,Marwari
144,Rangpuri
144,Tharu
144,Kochila
144,Hindi
144,English
145,Dutch
145,Frisian
145,LowSaxon
145,Limburgish
145,Romani
145,Yiddish
145,English
145,Papiamento
146,Caac
146,Cèmuhî
146,Drehu
146,Fwâi
146,Haveke
146,Iaai
146,Jawe
146,Kumak
146,Nemi
146,Nengone
146,Nyâlayu
146,Paicî
146,Pije
146,Pwaamei
146,Pwapwâ
146,Vamale
146,Yuanga
146,Ajië
146,Arhâ
146,Arhö
146,Ndrumbea
146,Neku
146,Numèè
146,Orowe
146,Sîchë
146,Tîrî
146,Xârâcùù
146,Xârâgurè
146,Haeke
146,WestUvean
146,French
146,Vietnamese
146,Indonesians
146,Filipino
147,English
147,Maori
147,Samoan
147,NorthenChinese
147,Hindi
147,French
147,Yue
148,Spanish
148,Miskito
148,Mestizo
148,English
148,Sumo
148,Rama
148,Chinese
148,Arabic
148,Garifuna
149,French
149,Hausa
149,Djerma
150,Abanyom
150,Nsukka
150,Abon
150,Abong
150,Abõ
150,Ba'ban
150,Abua
150,Abureni
150,Achipa
150,Adim
150,Aduge
150,Adun
150,Afade
150,Afo
150,Afrikaans
150,Afrike
150,Gbo
150,Ajawa
150,Akaju-Ndem
150,Akweya-Yachi
150,Alago
150,Amo
150,Anaguta
150,Anang
150,Obolo
150,Angas
150,Ankwei
150,Anyima
150,Arabic
150,Attakar
150,Auyoka
150,Awori
150,Ayu
150,Babur
150,Bachama
150,Bachere
150,Bada
150,Bade
150,Bahumono
150,Bakulung
150,Bali
150,Bambora
150,Bambuko
150,Banda
150,Banka
150,Banso
150,Bara
150,Barke
150,Baruba
150,Bashiri
150,Basa
150,Batta
150,Baushi
150,Baya
150,Bekwarra
150,Bele(Buli
150,Belewa)
150,Betso(Bete)
150,Bette
150,Bilei
150,Bille
150,Bina(Binawa)
150,Bini
150,Birom
150,Bobua
150,Boki(Nki)
150,Bkkos
150,Boko(Bussawa
150,Bargawa)
150,Bole(Bolewa)
150,Botlere
150,Boma(Bomawa
150,Burmano)
150,Bomboro
150,BudumaBorno
150,Buji
150,Buli
150,Bunu
150,Bura
150,Burak
150,Burma(Burmawa)
150,Buru
150,Buta(Butawa)
150,Bwall
150,Bwatiye
150,Bwazza
150,Challa
150,Chama(ChamawaFitilai)
150,Chamba
150,Chamo
150,Chibok(Chibbak)
150,Chinine
150,Chip
150,Chokobo
150,Chukkol
150,Cipu
150,Daba
150,Dadiya
150,Daka
150,Dakarkari
150,Danda(Dandawa)
150,Dangsa
150,Daza(Dere
150,Derewa)
150,Degema
150,Deno(Denawa)
150,Dghwede
150,Diba
150,Doemak(Dumuk)
150,Ouguri
150,Duka(Dukawa)
150,Duma(Dumawa)
150,Ebana(Ebani)
150,Ebirra
150,Ebu
150,Efik
150,Egbema
150,Igede(lgede)
150,Eggon
150,Egun(Gu)
150,Ejagham
150,Ekajuk
150,Eket
150,Ekoi
150,Ekpeye
150,Engenni(Ngene)
150,Epie
150,Esan(Ishan)
150,Etche
150,Etolu(Etilo)
150,Etsako
150,Etung
150,Etuno
150,Palli
150,Pulani(Pulbe)
150,French
150,Fyam(Fyem)
150,Fyer(Fer)
150,Ga’anda
150,Gade
150,Galambi
150,Gamergu
150,Qanawuri
150,Gavako
150,Gbedde
150,Gengle
150,Geji
150,Gera(Gere
150,Gerawa)
150,Geruma(Gerumawa)
150,Gingwak
150,Gira
150,Gizigz
150,Goernai
150,Gokana(Kana)
150,Gombi
150,Gornun(Gmun)
150,Gonia
150,Gubi(Gubawa)
150,Gude
150,Gudu
150,Gure
150,Gurmana
150,Gururntum
150,Gusu
150,Gwa
150,Gwamba
150,Gwandara
150,Gwari(Gbari)
150,Gwom
150,Gwoza
150,Gyem
150,Hausa
150,Holma
150,Hona
150,Hyam(Ham
150,Jaba
150,Jabba)
150,Ibeno
150,Ibibio
150,Ichen
150,Idoma
150,Igala
150,lgbo
150,Ijaw
150,ljumu
150,Ikorn
150,Irigwe
150,Isoko
150,lsekiri(Itsekiri)
150,lyala(lyalla)
150,Izere
150,lzondjo)
150,Jahuna(Jahunawa)
150,Jaku
150,Jara(JaarJarawaJarawa-Dutse)
150,Jere(Jare
150,Jera
150,Jera
150,Jerawa)Bauchi
150,Jero
150,Jibu
150,Jidda-Abu
150,Jimbin(Jimbinawa)
150,Jirai
150,Jonjo(Jenjo)
150,Jukun
150,Kaba(Kabawa)
150,Kadara
150,Kafanchan
150,Kagoro
150,Jju
150,Kajuru(Kajurawa)
150,Kaka
150,Kamaku(Karnukawa)
150,Kambari
150,Kamwe
150,Kamo
150,Kanakuru(Dera)
150,Kanembu
150,Kanikon
150,Kantana
150,KanufiBomo
150,Karekare(Karaikarai)
150,Karimjo
150,Kariya
150,Katab(Kataf)
150,Kenern(Koenoem)
150,Kenton
150,Kiballo(Kiwollo)
150,Kilba
150,Kirfi(Kirfawa)
150,Koma
150,Kona
150,Koro(Kwaro)
150,Kubi(Kubawa)
150,Kudachano(Kudawa)
150,Kugama
150,Kulere(Kaler)
150,Kunini
150,Kurama
150,Kurdul
150,Kushi
150,Kuteb
150,Kutin
150,Kwalla
150,Kwami(Kwom)
150,Kwanchi
150,Kwanka(Kwankwa)
150,Kwaro
150,Kwato
150,Kyenga(Kengawa)
150,Laaru(Larawa)
150,Lakka
150,Lala
150,Lama
150,Lamja
150,Lau
150,Ubbo
150,Limono
150,Lopa(Lupa
150,Lopawa)
150,Longuda(Lunguda)
150,Mabo
150,Mada
150,Mama
150,Mambilla
150,Manchok
150,Mandara
150,Manga
150,Margi
150,Matakam
150,Mbembe
150,Mbol
150,Mbube
150,Mbula
150,Mbum
150,Memyang(Meryan)
150,Miango
150,Miligili(Migili)
150,Miya(Miyawa)
150,Mobber
150,Montol
150,Moruwa(Moro’a
150,Morwa)
150,Muchaila
150,Mumuye
150,Mundang
150,Mupun
150,Mushere
150,Mwahavul(Mwaghavul)
150,Ndoro
150,Ngamo
150,Ngizim
150,Ngweshe(Ndhang.Ngoshe-Ndhang)
150,Ningi(Ningawa)
150,Ninzam(Ninzo)
150,Njayi
150,Nkim
150,Nkum
150,Nokere(Nakere)
150,Nunku
150,Nupe
150,Nyandang
150,Ogbia
150,Ododop
150,Ogori
150,Okobo(Okkobor)
150,Okpamheri
150,Olulumo
150,Oron
150,Owan
150,Owe
150,Oworo
150,Pa’a(Pa’awaAfawa)
150,Pai
150,Panyam
150,Pero
150,Pire
150,Pkanzom
150,Poll
150,PolchiHabe
150,Pongo
150,Potopo
150,Pyapun(Piapung)
150,Qua
150,Rebina(Rebinawa)
150,Reshe
150,Rindire(Rendre)
150,Rishuwa
150,Ron
150,Rubu
150,Rukuba
150,Rumada
150,Rumaya
150,Sakbe
150,Sanga
150,Sate
150,Saya(SayawaZa’ar)
150,Segidi(Sigidawa)
150,Shanga(Shangawa)
150,Shangawa(Shangau)
150,Shan-Shan
150,Shira(Shirawa)
150,Shomo
150,Shuwa
150,Sikdi
150,Siri(Sirawa)
150,Srubu(Surubu)
150,Sukur
150,Sura
150,Tangale
150,Tarok
150,Teme
150,Tera(Terawa)
150,Teshena(Teshenawa)
150,Tigon
150,Tikar
150,Tiv
150,Tula
150,Tur
150,Ufia
150,Ukelle(Kukelle)
150,Ukwani(Kwale)
150,Uncinda
150,Uneme(Ineme)
150,Ura(Ula)
150,Urhobo
150,Utonkong
150,Uyanga
150,Vemgo
150,Verre
150,Vommi
150,Wagga
150,Waja
150,Waka
150,Warja(Warja)
150,Warji
150,Wula
150,Wurbo
150,Wurkun
150,Yache
150,Yagba
150,Yakurr(Yako)
150,Yalla
150,Yandang
150,Yergan(Yergum)
150,Yoruba
150,Yott
150,Yumu
150,Yungur
150,Yuom
150,Zabara
150,Zaranda
150,Zarma
150,Zayam(Zeam)
150,Fulfulde
150,Zul(Zulawa)
151,Niuean
151,English
152,English
152,Norfolk
152,Fijian
153,Korean
154,Macedonian
154,Albanian 
154,Turkish
154,Romani
154,Serbian
154,Aromanian
154,Bosnian
155,Philippino
155,Chamorro
155,English
155,Chinese
155,Vietnamese
155,Arabic
156,BokmalNorwegian
156,NynorskNorwegian
156,Sami
156,Finnish
156,Lule
157,Arabic
157,English
157,Baluchi
157,Swahili
157,Urdu
157,Hindi
157,Tamil
157,Teluhu
157,Malayalam
157,Punjabi
157,Sinhala
158,Punjabi
158,Sindhi
158,Saraiki
158,pastho
158,urdu
158,Balochi
158,Hindko
158,Brahui
158,English
158,Burushaski
159,Palauan
159,Micronesian
159,English
159,Flilipino
159,Chinese
159,Sonsoralese
159,Tobian
159,Angaur
159,Japanese
160,Spanish
160,Ngabere
160,buglere
160,kuna
160,Embera
160,Wounaan
160,Naso
160,BriBri
160,PanamanianEnglishCreole
160,English
160,Yue
160,Hakka
160,Arabic
160,FrenchCreoleYiddish
160,hebrew
160,Korean
160,Japanese
161,English
161,HiriMotu
161,TokPisin
161,Adzera
161,Amanab
161,AwadBing
161,Barok
161,Bimin
161,Bola
161,Bugawac
161,Dedua
161,Dobu
161,Iatmül
161,Kâte
161,Kobon
161,Kovai
161,Kuanua
161,Kuman
161,Kuot
161,Kurti
161,Lihir
161,Mandara
161,Mangseng
161,Mbula
161,Mende
161,Mussau-Emira
161,Mutu
161,Nekgini
161,Ngaing
161,NiwerMil
161,Nobonob
161,Numanggang
161,Nyindrou
161,Pele-Ata
161,Petats
161,Ramoaaina
161,Seimat
161,Solong
161,Somba-Siawari
161,Suau
161,Sulka
161,Tangga
161,Tobo
161,Uneapa
161,Ura
161,Vitu
161,Waris
161,Awin
161,Pa
161,Akoye
161,Angaataha
161,Ankave
161,Hamtai
161,Kamasa
161,Kawacha
161,Menya
161,Safeyoka
161,Simbari
161,Susuami
161,Tainae
161,Yagwoia
161,Yipma
161,Baruga
161,Binandere
161,Ewage
161,Korafe
161,Orokaiva
161,Suena
161,Yekora
161,Zia
161,Aimele
161,Beami
161,Edolo
161,Kaluli
161,Kasua
161,Onobasulu
161,Sonia
161,Chuave
161,Dom
161,Golin
161,Kandawo
161,Kaugel
161,Kuman
161,Maring
161,Melpa
161,Narak
161,Nii
161,Nomane
161,Salt-Yui
161,Sinasina
161,Tembagla
161,Wahgi
161,Fasu
161,Fiwaga
161,Foi
161,Duna
161,Pogaya
161,Dadibi
161,Folopa
161,Bilur
161,Fanamaket
161,Kandas
161,Konomala
161,Kuanua
161,Label
161,NiwerMil
161,Patpatar
161,Ramoaaina
161,Siar
161,Sursurunga
161,WarwarFeni
161,Fembe
161,Gobasi
161,Konai
161,Kubo
161,Odoodee
161,Samo
161,Angal
161,Bisorio
161,Enga
161,Huli
161,Ipili
161,Kewa
161,Kyaka
161,Lembena
161,Samberigi
161,Bimin
161,Faiwol
161,Mian
161,Ngalum
161,Ninggerum
161,Oksapmin
161,Setaman
161,Suganga
161,Telefol
161,Tifal
161,Urap
161,Yonggom
161,KakiAe
161,Keoru
161,Opao
161,Orokolo
161,Toaripi
161,Tairuma
161,Abom
161,Baramu
161,Bitur
161,Tirio
161,Were
161,Finisterre–Huon
161,Kainantu–Goroka
161,Madang
161,Ramu–LowerSepik
161,Sepik
161,SoutheastPapuan
161,Torricelli
161,Ikobi
161,Omati
161,Rumu
162,Aché
162,Ayoreo
162,Chamacoco
162,Iyo'wujwaChorote
162,Guana
162,Lengua
162,Maka
162,Nivaclé
162,Ñandeva
162,PaiTavytera
162,Sanapaná
162,TobaQom
162,Toba-Maskoy
162,Portuguese
162,Plautdietsch
162,German
162,Italian
162,Spanish
162,Guarani
163,Achuar
164,Aguaruna
164,Amahuaca
164,Amuesha
164,Arabela
164,Asháninca
164,Asheninca
164,Yine
164,Axininca
164,Aymara
164,Bora
164,CampadePajonal
164,Candoshi
164,Capanahua
164,Caquinte
164,Cashinahua
164,Cholón
164,Muinane
164,Cocama-cocamilla
164,Coixama
164,Colán
164,Ese'ejja
164,Huachipaeri
164,Huambisa
164,Iñapari
164,Isconahua
164,Amarakaeri
164,Jaqaru
164,Jébero
164,Hibito
164,Kawki
164,Kulina
164,Machiguenga
164,Marubo
164,Meneca
164,Murui
164,Nahua
164,Nomatsiguenga
164,Nonuya
164,Nüpodewitoto
164,Ocaina
164,Cashibo
164,Mayo-Pisabo
164,Mayoruna
164,Olmos
164,Orejón
164,Quechua
164,Quechua
164,Catacaos
164,Resígaro
164,Sechura
164,Sharanahua
164,Shipibo
164,Spanish
164,Omagua
164,Iquito
164,Tikuna
164,Taushiro
164,Yagua
164,Urarina
164,Yaminawa
165,Filipino
165,English
165,Cebuano
165,Ilocano
165,hiligaynon
165,Bicol
165,Tagalo
166,English
166,Pitkern
167,Polish
167,Silesian
168,Portuguese
168,Mirandese
169,Spanish
169,English
170,French
170,Kituba
170,Lingala
170,Mboshi
170,Bateke
170,Kongo
170,Yombe
170,Suundi
170,Tsege
170,Teghe
170,Ngungwel
170,Tio
170,Kukwa
170,Fuumu
170,Tiene
170,Mfinu
170,Mpuno
171,Romanian
171,Hungarian
171,Romani
172,Abaza
172,Adyghe
172,Altai
172,Armenian
172,Azerbaijani
172,Bashkir
172,Buryat
172,Chechen
172,Chukchi
172,Chulym
172,Chuvash
172,CrimeanTatar
172,Enets
172,English
172,Erzya
172,Erzya
172,French
172,Georgian
172,German
172,"HillMari,MeadowMari"
172,Ingrian
172,Ingush
172,Judeo-Tat
172,Kabardian
172,Kalmyk
172,Karachay-Balkar
172,Kazakh
172,Ket
172,Khakas
172,Komi
172,Kyrgyz
172,Lezgian
172,Ludian
172,MednyAleut
172,Moksha
172,Moksha
172,Moldovan
172,Nivkh
172,Nogai
172,Orok
172,Ossetian
172,Russian
172,Rutul
172,Seto
172,Tajik
172,Tat
172,Tatar
172,Tofalar
172,Tsakhur
172,Turkish
172,Tuvan
172,Udege
172,Udmurt
172,Udmurt
172,Ukrainian
172,Uzbek
172,Veps
172,Votic
172,Yakut
172,Yukaghir
173,Kinyarwanda
173,French
173,English
173,Swahili
173,German
173,Dutch
173,Mashi
174,French
174,English
175,English
176,English
177,English
177,Frenchpatois
178,French
178,English
178,Dutch
178,Frenchpatois
179,French
180,English
180,VincentianCreoleEnglish
180,Frenchpatois
181,Samoan
181,Somoan
181,English
182,Italian
183,Portuguese
183,Forro
183,CaboVerdian
183,French
183,Angolar
183,English
183,Lunguie
184,Arabic
184,English
184,Baluchi
184,Swahili
184,Urdu
184,Hindi
184,Tamil
184,Teluhu
184,Malayalam
184,Punjabi
184,Sinhala
185,French
185,Wolof
185,Pular
185,Jola
185,Mandinka
185,Serer
185,Soninke
186,Serbian
186,Hungarian
186,Bosnian
186,Romani
187,SeychelloisCreole
187,English
187,French
188,English
188,Temne
188,Krio
189,English
189,Mandarin
189,Chinesedialects
189,Hokkien
189,Cantonese
189,Teochew
189,Hakka
189,Malay
189,Tamil
190,English
190,Spanish
190,Creole
190,Dutch
190,Papiamento
190,French
191,Slovak
191,Hungarian
191,Roma
191,Ruthenian
192,Slovenian
192,Serbo-Croatian
192,italian
192,Hungarian
193,Äiwoo
193,Amba
193,Anuta
193,'Are'are
193,Arosi
193,Asubuo
193,Babatana
193,Baeggu
193,Baelelea
193,Bauro
193,Bilua
193,Birao
193,Blablanga
193,Bughotu
193,ChekeHolo
193,Dori'o
193,English
193,Duke
193,Fagani
193,Fataleka
193,Gao
193,Gela
193,Ghanongga
193,Ghari
193,Gilbertese
193,Gula'alaa
193,Hoava
193,Kahua
193,Kokota
193,Kusaghe
193,Kwaio
193,Kwara'ae
193,Laghu
193,Lau
193,Lavukaleve
193,Lengo
193,Longgu
193,Lovono
193,Luangiua
193,Lungga
193,Malango
193,Marovo
193,Mono
193,Nalögo
193,Nanggu
193,Natügu
193,Oroha
193,Owa
193,Pijin
193,Rennellese
193,Ririo
193,Roviana
193,Sa'a
193,Savosavo
193,Sikaiana
193,Simbo
193,Talise
193,Tanema
193,Tanibili
193,Teanu
193,Tikopia
193,Toqabaqita
193,Touo
193,Ughele
193,Vaeakau-Taumako
193,Vaghua
193,Vangunu
193,Varisi
193,Wala
193,Zabana
193,Zazao
194,Somali
194,Arabic
194,Italian
194,English
194,Boon
194,Dabarre
194,Garre
194,Jiddu
194,Tunni
194,Maay
194,Swahili
195,Zulu
195,Xhosa
195,Afrikaans
195,English
195,NorthernSotho
195,Tswana
195,SouthernSotho
195,Tsonga
195,Swazi
195,Venda
195,SouthernNdebele
195,Fanagalo
195,Khoe
195,Lobedu
195,Nama
195,NorthernNdebele
195,Phuthi
195,Italian
195,Portuguese
195,French
195,German
195,Greek
195,Gujarati
195,Hindi
195,Tamil
195,Telugu
195,Urdu
196,Korean
196,English
197,Acholi
197,Aja
197,Avokaya
197,Baale
197,Bai
197,Baka
197,Bari
197,BelandaViri
197,Beli
197,Bongo
197,Daasanach
197,Didinga
197,Dinka
197,Dongotono
197,English
197,Homa
197,Indri
197,JubaArabic
197,Jur
197,JurModo
197,Kaligi
197,Kresh
197,Kuku
197,Laarim
197,Lango
197,Lokoya
197,Lopit
197,Lotuko
197,Mangaya
197,Moru
197,Murle
197,Naka
197,Ndogo
197,Nuer
197,Olu’bo
197,Opuo
197,Shilluk
197,Suri
197,Togoyo
197,Toposa
197,WestBanda
197,Zande
198,CastilianSpanish
198,Catalan
198,Galician
198,Basque
199,Sinhala
199,Tamil
199,English
200,Acheron
200,Afitti
200,Arabic
200,BelandaBor
200,Beli
200,Dair
200,Dilling
200,Ebang
200,ElHugeirat
200,English
200,Eliri
200,Heiban
200,Kadaru
200,Kanga
200,Karko
200,Katla
200,Keiga
200,Kelo
200,Ko
200,Komo
200,Krongo
200,Lafofa
200,Laro
200,Logol
200,Logorik
200,Lumun
200,Mo'da
200,Molo
200,Moro
200,Nding
200,Ngile
200,Nuiban
200,Otoro
200,Shatt
200,Sillok
200,Shwai
200,Tagoi
200,Talodi
200,Temein
200,Tese
200,Tima
200,Tingal
200,Tocho
200,Tulishi
200,Tumtum
200,Wali
200,Warnang
200,Yulu
201,Dutch
201,English
201,SranangTongo
201,CaribbeanHindustani
201,Javanese
202,Swedish
202,Finnish
202,Sami
202,Romani
202,yiddish
202,Meankieli
203,German
203,French
203,Italian
203,English
203,Portuguese
203,Albanian
203,Serbo-croatian
203,Spanish
203,Romansh
204,Arabic
204,Kurdish
204,Armeanian
204,Aramaic
204,Circassian
204,French
205,Amis
205,Atayal
205,Bunun
205,Kanakanabu
205,Kavalan
205,Paiwan
205,Puyuma
205,Rukai
205,Saaroa
205,Saisiyat
205,Sakizaya
205,Seediq
205,Thao
205,Truku
205,Tsou
205,Mandarin
205,Hokkien
205,Hakka
205,Matsu
205,Japanese
205,Javanese
205,Tagalog
205,Vietnamese
205,Dutch
205,Spanish
205,Cantonese
205,English
206,Tajik
206,Uzbek
206,Kyrgyz
206,Russian
207,Alagwa
207,Arabic
207,Asa
207,Bemba
207,Bena
207,Bungu
207,Burunge
207,CentralKilimanjaro
207,Datooga
207,Digo
207,Doe
207,English
207,Fipa
207,Gogo
207,Gorowa
207,Gweno
207,Ha
207,Hadza
207,Hangaza
207,Hehe
207,Holoholo
207,Ikizu
207,Ikoma
207,Iramba
207,Iraqw
207,Isanzu
207,Jita
207,Kabwa
207,Kagulu
207,Kami
207,Kara
207,Kerewe
207,Kimbu
207,Kinga
207,Kisankasa
207,Kisi
207,Kuria
207,Kutu
207,Kw?adza
207,Kwavi
207,Kwaya
207,Kwere
207,Lambya
207,Luguru
207,Maasai
207,Makhuwa
207,Malila
207,Manda
207,Matengo
207,Matumbi
207,MbambaBay
207,Mbugwe
207,Mbunga
207,Mediak
207,Mosiro
207,Mpoto
207,Mwanga
207,Mwera
207,Ndamba
207,Ndendeule
207,Ndengereko
207,Ndonde
207,Ngasa
207,Ngindo
207,Ngoni
207,Ngoreme
207,Ngulu
207,Nindi
207,Nyakyusa
207,Nyambo
207,Nyamwezi
207,Nyiha
207,Nyika
207,Ogiek
207,Omaio
207,Pangwa
207,Pogolo
207,Rangi
207,Rombo
207,Rusa
207,Safwa
207,Sagara
207,Sandawe
207,Sangu
207,Serengeti-Dorobo
207,Shambala
207,Sonjo
207,Suba-Simbiti
207,Sukuma
207,Sumbwa
207,Swahili
207,Turu
207,Vidunda
207,Vinza
207,Vwanji
207,Wanda
207,WestKilimanjaro
207,Yao
207,Zanaki
207,Zaramo
207,Zinza
208,Thai
208,Malay
208,Burmese
209,English
209,Mandinka
209,Wolof
209,Fula
209,Balanta
209,Cangin
209,Dyula
209,Karon
209,Kassonke
209,Mandjak
209,Pulaar
209,Serer
209,Soninke
209,Jola
209,Bainouk
209,PortugueseCreole
210,Portuguese
210,English
210,mambai
210,TetunTerik
210,Tokodede
210,Waima'a
210,Naueti
210,Idate
210,Midiki
210,Atauru
210,Baikeno
210,Bekais
210,Bunak
210,Fataluku
210,Galoli
210,Habun
210,Idalaka
210,Kawaimina
210,Kemak
210,Makalero
210,Makasae
210,Makuv'a
210,Mambai
210,Tokodede
210,TetunPrasa
211,Adele
211,Agotime
211,Aguna
211,Ahlon
211,Aja
211,Anii
211,Bago-Kusuntu
211,Chakosi
211,Dagomba
211,Delo
211,Ede
211,Ewe
211,French
211,Gen
211,Hausa
211,Ifè
211,Kabiyé
211,Kabye
211,Kebu
211,Kposo
211,Lama
211,Losso
211,Lukpa
211,Mina
211,Moba
211,Mossi
211,Ngangam
211,Ntcham
211,Phla
211,Tammari
211,Tem
211,Waci
211,Wudu
211,Yoruba
212,Tokelauan
212,English
212,Samoan
212,Tuvaluan
212,Kiribati
213,Tongan
213,English
214,English
214,TrinidadianCreoleEnglish
214,CaribbeanHindustani
214,TrinidadianCreoleFrench
214,Spanish
214,Chinese
215,Arabic
215,French
215,Berber
216,Turkish
216,Kurdish
216,Arabic
216,Zazki
216,Laz
216,Circassian
216,Armenian
216,Greek
216,Coptic
216,English
216,Bulgarian
216,Romani
216,Azerbaijani
216,Kabardani
216,Georgian
216,Albanian
216,Uyghur
216,Kyrgyz
216,Uzbek
216,Bosnian
216,Turkmen
216,Ladino
216,Aramaic
216,Lazuri
216,Tatar
216,Ossetian
216,Abkhaz
216,Adyghe
216,BalkanGagauz
216,Domari
217,Turkmen
217,Russian
217,Uzbek
218,English
219,Tuvaluan
219,English
219,Samoan
219,Kiribati
220,Acholi
220,Adhola
220,Alur
220,Amba
220,Aringa
220,Bari
220,Elgon
220,English
220,Gungu
220,Gwere
220,Ik
220,Karamojong
220,Khayo
220,Khayo
220,Kiga
220,Kinyarwanda
220,Kitara
220,Kuku
220,Lango
220,Luganda
220,Lugbara
220,Luhya
220,Marachi
220,Masaba
220,Nkore
220,Nkore-Kiga
220,Nubi
220,Nyang'i
220,Nyole
220,Nyoro
220,Oropom
220,Pökoot
220,Ruuli
220,Samia
220,Singa
220,Soga
220,Soo
220,SouthernLuo
220,Swahili
220,Talinga
220,Teso
220,Tooro
221,Ukrainian
221,Russian
221,CrimeanTatar
221,Moldovan/Romanian
222,Arabic
222,English
222,Hindi
222,Spanish
222,French
222,Italian
222,Chinese
222,Sinhala
222,Telugu
222,Tamil
222,Malayam
222,Urdu
222,Pashto
222,Tagalog
222,Persian
223,English
223,Scottish
223,Welsh
223,Irish
223,Cornish
223,Punjabi
223,Hindi
223,Bengali
223,Gujarati
223,Polish
223,Telugu
223,Tamil
223,Spanish
223,French
223,Italian
223,Swahili
223,Arabic
223,Chinese
223,Korean
223,Japanes
223,Urdu
224,English
224,Spanish
224,Chinese
224,Tagalog
224,Vietnamese
224,Arabic
224,French
224,Korean
224,Russian
224,German
224,HaitianCreole
224,Hindi
224,Portuguese
224,Italian
224,Polish
224,Urdu
224,Yiddish
224,Japanese
224,Persian
224,Gujarati
224,Telugu
224,Bengali
224,Tai
224,Greek
224,Punjabi
224,Tamil
224,Armenian
224,Serbo-Croatian
224,Hebrew
224,Hmong
224,Bantu
224,Khmer
224,Navaj
224,Hawaiian
224,Navajo
224,Dakota
224,Yupik
224,Apache
224,Keres
224,Cherokee
224,Choctaw
224,Zuni
224,O'odham(Pima)
224,Ojibwe(Chippewa)
224,Hopi
224,Inupiat(Inupik)
224,Tewa
224,Muskogee(Creek)
224,Crow
224,Shoshoni
224,Cheyenne
224,Tiwa
224,Towa(Jemez)
224,Inuit(Eskimo)
224,Blackfoot
224,Sahaptin
224,Paiute
224,Athapascan
224,Ute
224,Mohawk
224,Seneca
224,Winnebago
224,Kiowa
224,Aleut
224,Salish
224,Gwich’in(Kuchin)
224,Kickapoo
224,Arapaho
224,Tlingit
224,SiberianYupik(SLIYupik)
224,Passamaquoddy
224,Comanche
224,Cree
224,Menominee
224,NezPerce
224,Potawatomi
224,Hidatsa
224,Mesquakie(Fox)
224,Karok
224,Pomo
224,ChinookJargon
224,Oneida
224,Yurok
224,Cocopah
224,Hualapai
224,Omaha
224,Chiricahua
224,Jicarilla
224,Yaqui
224,Yokuts
224,Mono
224,Mohave
224,Luiseño
224,Shawnee
224,Maidu(NEMaidu)
224,Ottawa
224,Algonquin
224,Okanogan
224,Osage
224,Wichita
224,Onondaga
224,Mi'kmaq(Micmac)
224,Digueño(Ipai-Kumiai-Tipai)
224,Washo
224,Miwok
224,Lushootseed(PugetSalish)
224,Kutenai
224,Miccosukee
224,Tuscarora
224,Makah
224,Coeurd'Alene
224,Hupa
224,Quechan(Yuma)
224,Delaware
224,Clallam
224,Penobscot(EAbenaki)
224,Yavapai
224,Cahuilla
224,Ponca
224,Quinault
224,DegXinag(Ingalit)
224,Pawnee
224,Haida
224,Cowlitz
224,Mandan
224,Arikara
224,Klamath
224,Havasupai
224,Chitimacha
224,Abenaki(WAbenaki)
224,Kwak'wala(Kwakiutl)
224,Tututni(RogueRiver)
224,Iroquois
224,Michif(FrenchCree)
224,Tsimshian
224,Achumawi
224,Chiwere
224,Koasati
224,Koyukon
224,UpperChinook
224,Caddo
224,Kalapuya(Santiam)
224,GrosVentre(Atsina)
224,Tachi
224,Maricopa
224,Chumash
224,Nomlaki
224,Konkow(NWMaidu)
224,Tonkawa
224,Wintu
224,Spokane
224,Ahtna
224,Columbia(Sinkiuse)
224,Atsugewi
224,Chemehuevi
224,NorthernPaiute
224,Dena'ina(Tanaina)
224,Cupeño
224,Nuu-chah-nulth(Nootka)
224,Alutiiq(GulfYupik)
224,Kansa
224,Siuslaw
224,Cayuga
224,Serrano
224,Yuchi
225,Spanish
225,Cocoliche
225,Portuguese
225,Portuñol
225,Italian
225,English
226,Uzbek
226,Russian
226,Tajik
226,Karakalpak
227,Bislama
227,English
227,French
227,Akei
227,Alovas
227,Ande
227,Anejom?
227,Aore
227,Apma
227,Araki
227,Ati
227,Atin
227,Aulua
227,Avava
227,Aveteian
227,Avok
227,Axamb
227,Baetora
227,Baki
227,Bierebo
227,Bieria
227,Biliru
227,Botovro
227,Bura
227,Burmbar
227,Butmas-Tur
227,Daakaka
227,Daakie
227,Dalkalaen
227,Daruru
227,Dorig
227,EastAmbae
227,Emae
227,Eton
227,Farnanto
227,Farsaf
227,Futuna-Aniwa
227,Hiw
227,Kene
227,Kiai
227,Koro
227,Kwamera
227,Lakon
227,Lamen
227,Larëvat
227,Lehali
227,Lelepa
227,Lemerig
227,Lenakel
227,Lendamboi
227,Lewo
227,Litzlitz
227,Lo-Toga
227,Löyöp
227,MaluaBay
227,Mavea
227,Mbwenelang
227,Mele-Fila
227,Merei
227,Meri
227,Mkir
227,Moiso
227,Mores
227,Mota
227,Mwerlap
227,Mwesen
227,Mwotlap
227,Naha'ai
227,Nahavaq
227,Najit
227,Nakanamanga
227,Namakura
227,Narmoris
227,Nasarian
227,Nasvang
227,N?ti
227,Navwien
227,Nese
227,Neve'ei
227,Neverver
227,Ngen
227,Ninde
227,Niolean
227,Nisvai
227,Nitita
227,Nivat
227,Njav
227,Nokuku
227,NorthAmbrym
227,NorthTanna
227,Nume
227,Olrat
227,Orkon
227,Paama
227,Piamatsina
227,PortSandwich
227,Raga
227,Raljago
227,Rerep
227,Retlatur
227,Rutan
227,Sa
227,Sakao
227,Se
227,Sie
227,Sinia
227,Ske
227,Sörsörian
227,SouthEfate
227,SoutheastAmbrym
227,SouthwestTanna
227,Sungwadaga
227,Sungwadia
227,Tamambo
227,Tangoa
227,Tape
227,Tholp
227,Tirax
227,Toksiki
227,Tolomako
227,Tutuba
227,Uliveo
227,Unua
227,Ura
227,Uripiv
227,Utaha
227,V'ënenTaut
227,Valpei
227,Vao
227,Varavara
227,Vera'a
227,Vivti
227,Volow
227,Vovo
227,Vunapu
227,Vurës
227,Wailapa
227,WestAmbae
227,Whitesands
227,Wusi
228,Akawaio
228,Baniwa
228,Bari
228,Carib
228,Hodi
228,Japreria
228,Jivi
228,Locono
228,Mapoyo
228,Panare
228,Pemon
228,Piapoco
228,Piaroa
228,Sanema
228,Sape
228,Spanish
228,Uruak
228,Warao
228,Wayuu
228,Yanomamo
228,Yawarana
228,Yek'uana
228,Yeral
228,Yukpa
229,Vietnamese
229,English
229,French
229,Chinese
229,Khmer
229,Mon-Khmer
229,Malayo-Polynesian
230,English
230,Spanish
230,French
231,Wallisian
231,Futunian
231,French
232,Arabic
232,Hebrew
232,English
233,Arabic
233,HassaniyaArabic
233,MoroccanArabic
233,Berber
233,Spanish
233,French
234,Arabic
234,Socotri
234,Mahri
235,Bemba
235,Nyanja
235,Tonga
235,Lozi
235,Chewa
235,Nsenga
235,Tumbuka
235,Lunda
235,Kaonde
235,Lala
235,Lamba
235,English
235,Luvale
235,Mambwe
235,Namwanga
235,Lenje
235,Bisa
235,Bantu
236,Shona
236,Ndebele
236,English
236,Chewa
236,Chibarwe
236,Kalanga
236,Koisan
236,Nambya
236,Ndau
236,Shangani
236,Sotho
236,Tonga
236,Tswana
236,Venda
236,Xhosa
